識別番号,性別,年齢
4216d463-0d86-4bc1-b61f-b600dc93f325,女性,35
147e9174-1ef7-4300-bd42-790bf8685bf0,男性,25
94fbfe4d-3877-487a-b9a5-d57bb0be7a5b,女性,60
da971589-52d3-4ad4-b7c8-1ede544e4519,女性,75
b01cc984-2018-478d-bf4c-1c4edb72a823,女性,60
1a9b06b6-0bd6-4fb8-a297-8c23294b4b2a,男性,40
9e79dac3-91a1-42fb-b61e-b1aa8288f9a1,女性,55
1f8e3a96-059b-4b2b-89ab-2a265f3c794f,男性,25
90d6184f-b184-4437-8a9a-12831e4ebfd6,女性,40
9c09419f-54ae-4b64-8a04-40c004b96aa0,男性,30
15a482fe-b3ae-492b-bc4f-c507cb059bd5,男性,35
a4a25b35-e666-49fd-b1fe-6a3d212b6eec,女性,60
8a7d48aa-7031-4d55-a998-799ef1f90a3e,女性,45
71d8d0ac-81fb-44f1-8ce8-81eee94a7e8d,女性,65
e9c208c3-b006-4f0f-b008-525ef0faaeef,男性,55
66f3b6d7-a4d6-457d-853c-45f78e41cd61,男性,70
493c9834-0444-4a35-8de5-0601708e4941,女性,70
031cc7c2-eddd-4b79-a472-615ecae03f84,女性,20
a210cdaf-f043-46cc-aef7-08e176f69a95,男性,80
7e118b02-0cfc-4a85-a7b7-83522409edad,男性,80
da143fb8-49ea-4886-a6b7-0da6a5f4c07b,女性,35
7a7009cb-848b-466d-85e3-fe31f9fe41f0,男性,70
345f1c99-4816-45cb-8c01-c54325d67879,女性,30
a5aa9408-ed44-437d-8c73-55457b385bb9,男性,50
090176d2-162d-4ab5-83e8-716de4a31b5f,男性,35
79eeb888-a1d2-44fa-b451-20293ea7deb6,男性,65
ba8d61a1-b3af-45b9-907c-2fb51dd1f2cc,女性,30
c6137838-9101-4e26-aa9a-d06b440b456f,女性,40
0b4a23c7-0075-4f27-9c59-350830fc5034,女性,20
a4508326-e3f0-4101-b8d5-7bc8c3e26857,男性,50
de9346aa-9dc1-453c-897c-8e56d0649633,男性,75
b2d00647-dd09-4b6c-8204-6296f3f5cef8,男性,55
02aebf14-cddb-47fb-b072-5ee008b9c5f6,女性,25
3917119f-0d5a-4ae2-8f60-97f8365fbfad,女性,50
7b2df0ae-650c-4304-9fb9-c860133d573f,男性,60
94f0b244-b7da-4740-b53d-6318f9cf89e9,男性,70
4f2f319e-380f-4996-9004-005df6e3e4b0,女性,70
56fc79aa-1d81-41dd-a1ea-5c43ccabcb83,女性,60
cf32ce88-82e9-4128-9d74-87e63722d579,女性,60
1e8d6bf3-cfaf-44d2-9d48-3bbb0b23fa3f,女性,70
f81e7810-a850-45ba-b68a-da02c67f2f20,女性,50
5b450210-3efa-4752-ab02-44f72cba3b15,女性,55
ade54ada-2ce9-4dee-8cd7-ced7bc66bf51,女性,70
cc84b7e8-6c33-4221-89a7-928d4832f3d1,女性,70
5cce11cd-7dcd-48dd-bcd7-663573c33d3a,女性,80
1cff4ffe-85c9-49b4-bedd-812b00b76006,男性,25
c12cfeb2-1a28-4325-84cb-435a77aa3e85,女性,80
d670c34b-8ca1-49b3-8582-7a8a44a0efb3,男性,45
9946c5f0-66ef-4001-a1d8-33746e587f47,男性,45
24917eb2-8ac6-4ed7-98ac-bdd6f327d221,女性,70
732851ac-f4c9-4e25-bce5-ddc2c2030ed2,男性,50
8afd2fff-cdf2-4eea-aad5-5b1c663aeec0,女性,20
bdef7145-5209-4b7a-85a4-20d803c07f1d,女性,55
8f0a080a-40c3-478a-9e64-6a95bd90dc39,男性,40
d07dabe5-d45d-4dd2-8e24-254e53c4dcad,男性,25
fd7656bc-57a9-4486-a62f-6b406af491c9,女性,35
8bb8fa55-bd33-4180-9ea0-39e742ddefa1,女性,60
965ffdd9-6e7c-490b-8081-d9f18a30d5c8,男性,25
9d354030-69af-49b4-a8ab-4ffc518a73a4,男性,40
71087522-4b81-4653-ac3b-77018e21e57c,男性,40
c743f169-91c0-4f63-a4e8-e675ea1abbf8,男性,65
26c20c68-34be-4ef9-aa99-6740872fc43b,女性,80
fa215a01-fad2-486d-97cf-829d5c40c0be,男性,50
f9185d48-8195-48aa-aa2e-79f3946df69b,女性,20
284649e4-6368-4524-b49e-5fbc4d3777ef,女性,70
2ab7071a-f6d7-4dde-a1e7-acf2d200f687,男性,25
9dc8730f-52c8-4f38-bb60-5031cc3dc941,女性,45
eba9cd63-6023-43ff-917f-9d0328307d61,男性,20
73ff3676-623f-4cdc-97ae-fdd4601787ff,女性,25
d9c97b68-0b90-4f9d-b3e3-1b9dce31e34a,男性,45
22abade0-585f-443f-81b9-4801b210cf5a,男性,20
75127849-9e71-44af-9546-a988172e2483,男性,25
49228e5e-41ef-4ace-ba33-ffeaa34ee7b8,男性,25
b1b92453-c333-4421-9038-e2287570d3a6,男性,50
25f60907-6f50-4da2-bcfa-919a65c5071f,女性,50
ae046cdb-8fe1-4bcb-8cec-8dbd6425c3e8,女性,25
54572421-a31b-4a04-b279-428b27c6cca1,女性,80
999ef730-2906-42e9-810e-c538a30bb7cb,女性,70
396586be-add5-440f-88a5-64ce14b0fc1a,男性,45
2852a5f5-75a0-414e-b0af-8c8e40d268f2,男性,50
3885986b-cf25-4ab6-8077-8506b6f19680,女性,45
5111435a-9ab1-4b2c-9914-38043513e3ce,男性,70
ad924613-1cac-4917-98fe-92bb9e599911,男性,65
98d103fe-4208-4ca0-8a87-26449e9fbd61,男性,30
0672bf40-e43f-4465-97da-f85c26317dd3,女性,30
5704aa96-4064-4051-b71d-f3fc877fda4b,男性,75
af06f24e-4a52-435a-88e9-a2d7ea1b86f9,女性,60
b3457c11-bf65-4f10-9486-96134e598283,男性,50
b5b359af-76d9-4f5a-a25e-a9b6d3f450c7,男性,30
7a1c11df-e933-4ffa-89b7-022c9f1623f1,男性,80
4edcd424-36ff-4d6e-aea5-66849f826817,男性,55
efd02eda-9efe-414a-8bd8-e3e1f82632da,女性,50
5b78b14b-64e7-4a94-8c9d-bcbda6e720f5,女性,65
d3a701e5-0376-4245-9a04-f4a44d5c7f5c,男性,40
19b73ade-5c7d-499f-9b2a-fa688e4055b9,男性,45
bec9707f-4e06-412d-bcb1-6fd35115b0d9,男性,70
b530c0b6-0c54-4138-a5a3-47e8027ac35a,男性,55
a2cef8a4-a721-4869-8184-5f883b05ede5,男性,70
0784f0d5-8e3f-4bb2-b7ab-471137df3132,男性,55
49c04254-f779-4a6b-bad3-ee75888620dd,男性,25
